,isPhish
4903,0
6633,1
4363,0
9218,0
7569,1
1467,0
10546,0
4105,0
3609,1
7068,1
6036,1
6734,1
4011,0
10105,0
10033,0
1073,0
8250,1
2373,0
8366,1
4243,1
7448,0
4159,1
9753,0
4828,1
710,1
2685,0
8556,0
5248,1
977,1
6650,1
1770,1
1744,0
5101,1
9904,1
7073,0
9130,0
830,0
5075,0
5958,0
2776,0
7241,0
8561,1
5569,0
1758,1
2408,0
906,1
9999,0
5639,0
6082,0
8261,0
5506,0
8543,1
5932,1
3892,0
9371,1
4914,1
3915,0
9581,1
603,0
8727,1
10264,0
10681,1
2964,0
587,0
6720,1
10253,0
3575,1
1943,1
7250,1
1849,1
2514,0
9393,0
8962,0
3791,0
208,1
7948,0
7211,0
1955,0
7427,0
5518,1
140,1
719,0
5331,1
7890,1
10395,1
602,0
718,0
10789,1
7353,1
11245,0
3083,0
2412,0
116,1
7930,0
4396,1
7428,1
8337,1
9483,0
8744,1
5337,0
9000,0
8127,0
4071,1
10055,1
5640,0
2006,0
8975,0
388,1
2259,0
9921,0
10686,0
3980,1
9238,1
1612,0
11162,0
10213,0
7492,1
9186,1
419,0
1813,1
4305,1
10203,1
3608,1
3292,1
2232,0
4103,1
3462,0
7026,1
8349,0
3388,0
6531,1
5574,1
6373,0
10666,1
10000,0
4125,0
2762,0
4092,1
9108,0
5871,1
6250,0
5052,0
8258,0
10852,0
7440,0
6976,0
3524,1
4033,0
1118,0
10703,0
9883,0
10412,1
9391,0
9294,0
267,0
9072,1
1485,1
1590,0
7006,1
638,1
9475,1
3343,0
9197,0
825,0
7633,0
10950,1
4163,1
1999,0
6052,0
10713,0
1882,1
7294,0
4217,1
5697,0
6647,0
9832,0
5833,0
6242,0
7958,0
5321,1
3744,1
3756,1
2651,0
9297,0
4740,1
3376,0
8994,1
2673,1
10536,1
10949,0
4755,0
6465,1
3147,1
10103,1
10273,0
7426,1
9516,1
6791,1
1079,0
8754,1
7125,1
10237,1
1504,0
4936,1
9801,0
1720,0
2170,0
3329,1
11051,0
1773,1
5653,0
10006,0
1793,0
9465,1
10779,0
3640,1
8379,1
7355,0
1335,0
8199,1
8457,0
1713,1
6504,0
7779,0
338,1
3400,1
7446,1
11110,1
7784,0
6317,0
4435,0
4919,1
4458,1
10133,1
2647,1
1553,0
6324,1
11408,1
1360,1
2122,1
322,0
4769,1
9129,1
3169,1
5042,0
6090,0
8192,0
3368,0
6518,1
11102,0
1325,1
438,0
5477,0
11239,0
6363,0
9871,0
10723,0
11231,0
7180,0
8440,0
1594,0
4048,0
5507,0
3264,0
1370,1
6777,1
1728,1
4089,0
10986,1
1836,0
10590,0
6965,0
870,0
2334,0
9958,0
9331,0
897,1
7809,0
6006,0
3014,1
5105,0
8267,1
6194,0
4141,0
2264,1
8247,1
564,0
527,1
1007,1
9970,1
1772,0
5408,1
758,1
2620,0
3820,0
4770,1
1477,1
1633,1
2929,0
2269,1
6408,1
1010,1
5189,0
3163,0
1786,0
6664,1
8189,0
4237,0
7959,0
7810,1
7583,0
6271,1
6584,1
2814,1
3291,1
361,0
1406,1
9813,0
7480,1
1761,0
10136,0
10994,0
3202,1
3665,1
5628,1
4909,0
7710,0
4009,0
5488,0
4389,0
1808,1
2742,0
2181,0
7216,0
8153,1
8358,0
7578,1
7031,0
1961,1
168,1
3275,1
6231,0
8147,0
5379,1
8043,0
10906,0
7253,0
9257,0
11049,1
3415,0
4751,1
7897,0
1013,1
9223,0
10585,1
7104,1
11139,1
813,0
8466,1
939,0
1873,0
6522,1
8141,0
9105,1
3451,1
93,1
2700,0
56,1
2306,0
10853,0
1190,0
1673,1
7089,1
8998,0
9730,1
7273,0
4602,1
8394,1
11421,1
3472,0
10227,0
3218,1
669,0
439,1
9363,0
8649,1
6510,1
8545,1
8334,0
5625,1
1254,0
3876,1
589,0
10674,0
9008,0
8674,0
392,1
854,0
746,0
8336,1
6508,0
9891,1
2336,1
1798,1
2730,1
7293,1
4595,0
4993,0
8331,1
5396,0
7491,0
9319,1
5552,0
260,0
2842,1
4649,0
2410,1
6353,0
997,1
10330,0
7025,0
8429,0
11135,1
7931,0
7534,0
4097,1
6393,1
1872,1
6204,1
7199,0
7768,0
6820,1
3250,1
7754,1
10706,0
7894,0
8209,0
1255,0
1513,0
7507,1
6068,1
7302,0
4058,1
7072,1
2486,1
7130,0
11312,1
2354,1
2292,1
10735,0
3998,0
6004,0
3635,0
4997,1
692,1
8738,1
9358,1
6110,0
9989,1
2309,1
817,0
1305,0
7693,1
535,1
9462,1
11219,1
2353,0
9175,1
2780,0
5476,1
8165,1
5514,0
3850,1
11081,0
3825,1
3698,1
4083,0
9939,1
2992,0
4842,0
4072,1
4728,0
3030,0
1501,0
9411,1
6906,1
7629,1
6071,0
4358,0
11108,0
6756,0
3236,1
3392,1
9203,0
5819,1
10196,1
743,1
3466,1
727,1
10818,0
6219,0
8505,1
5950,1
10001,1
5796,0
9291,0
10751,1
3081,1
7235,1
10209,0
9039,0
9290,0
9486,0
4676,0
7295,0
1390,1
10867,0
840,0
3492,1
6568,1
5710,0
2737,0
5133,1
10300,1
11175,1
7490,0
3020,1
4791,0
5852,1
628,1
3579,1
8459,1
3384,0
9769,0
7623,0
10261,0
1439,1
5289,1
2083,1
8934,0
4360,1
6262,1
2179,1
8697,1
95,0
974,1
6467,0
1888,1
4278,1
10919,1
7181,0
6552,1
11236,1
310,1
6474,1
8101,0
7200,0
1508,1
308,1
2485,1
2745,1
1085,0
5720,1
11346,1
2523,0
3615,0
4218,1
3736,0
8880,1
6199,1
8126,1
4831,1
3836,1
1170,1
573,0
2019,0
6693,1
1347,1
4688,1
1937,0
9326,0
6620,1
6257,1
6064,0
8772,0
3195,1
7649,0
9842,1
442,0
1754,1
2768,0
5423,0
9030,0
6718,1
10613,0
9322,0
9843,0
9281,1
3535,0
8765,1
7281,1
4419,0
10339,0
8167,0
366,0
1304,0
9288,1
5019,1
754,0
9865,1
11137,0
3354,0
8015,1
5718,1
2769,1
1444,1
8152,0
1081,0
3981,1
1156,0
2082,0
1072,1
8973,1
11035,0
4371,0
3325,1
10894,0
6193,0
5420,0
2088,0
4978,1
9659,0
7362,1
11393,1
8029,1
2324,0
9605,0
8743,0
10108,1
4244,1
5580,0
3471,1
5493,1
360,0
5011,1
9495,1
6738,1
3778,0
3398,1
152,1
3425,1
4044,1
5629,0
1879,0
4674,0
5073,1
1288,1
9432,0
4168,0
6356,1
7347,0
10325,0
8473,1
7246,1
11228,0
9786,1
7349,0
375,0
1853,0
6859,1
8453,0
7251,1
1191,1
4965,1
446,0
3881,0
9707,0
10828,1
2012,1
11353,0
351,0
7763,0
6611,1
8426,0
9406,1
5756,1
7512,0
2663,1
3652,0
10191,1
9667,0
3863,1
2431,0
4554,1
4047,0
10027,0
11089,0
9275,1
11222,0
9578,0
9484,1
9885,0
165,0
5453,1
6714,0
565,0
7213,0
723,0
3448,0
6780,1
6869,0
10777,1
10615,1
3426,0
2786,0
3172,0
514,1
8105,0
7957,1
3038,0
1451,0
1458,0
5763,1
1662,1
7188,0
7776,1
10521,1
6698,0
2852,0
28,1
3888,1
7898,0
4312,1
3638,1
1015,1
7542,0
5239,1
6825,1
9022,1
6540,0
6138,1
2475,1
7566,0
6417,0
8183,0
5261,0
1488,0
7397,0
9886,0
7126,1
8927,0
3976,1
1019,1
4482,0
1051,0
5180,0
4750,0
2855,1
5095,0
4345,1
2509,0
7719,1
6819,1
37,0
4621,1
3661,1
6291,0
5968,0
8407,0
4357,1
5245,1
11293,1
4972,1
3727,0
1380,0
10596,0
6603,1
2076,1
7802,1
3182,1
2027,0
10441,0
1378,0
8341,0
6616,1
6314,1
1002,1
2574,0
3724,1
11210,1
3953,1
11370,0
7646,0
9643,0
7087,0
4446,1
2508,0
7186,1
1790,1
6781,0
5522,1
2622,1
6884,1
4080,1
6449,0
4584,0
3557,0
4508,0
9652,0
1084,1
6063,0
10760,1
7669,0
5492,0
7556,0
1302,0
3311,1
3480,1
4797,0
11075,1
1895,1
10850,0
7459,1
7792,0
8947,0
7048,0
6948,0
5426,0
2531,0
7608,0
4823,0
3995,0
761,0
4403,0
1540,0
3907,1
10466,0
7350,0
4643,0
5295,0
7217,0
10222,0
6424,0
3457,0
9930,0
6665,0
10093,0
7215,1
5501,1
9827,0
3035,0
10112,0
10918,1
5626,1
9505,1
9576,0
7557,0
10678,0
8266,0
6860,0
4601,1
4333,0
4447,1
10493,1
3371,0
5891,1
5086,1
3530,1
7476,1
1974,0
4004,1
725,0
5799,1
1327,1
1957,0
1469,1
9888,1
10430,1
5202,1
5178,1
592,0
8573,1
497,1
11150,0
3990,1
3413,0
9640,1
687,0
2936,0
35,0
2022,1
6879,1
11016,1
8348,0
4671,1
5225,1
9975,1
6247,0
3217,0
3760,1
10107,1
7527,1
1486,1
1710,1
8045,0
10646,0
8355,1
3877,1
3464,1
970,0
1967,0
5012,1
6246,0
6269,1
9792,0
5161,0
1908,1
9085,0
954,1
8924,1
747,0
4911,0
9271,1
4581,0
3871,0
2547,1
5784,0
8851,1
9240,0
4617,1
2982,0
2548,0
7735,0
6212,0
1689,0
895,1
2825,0
2063,1
2779,0
2400,0
7521,1
379,1
862,0
518,0
11240,0
2455,0
10730,0
1185,0
7148,0
5760,1
10266,1
4560,1
3359,1
557,0
2834,1
422,0
4918,1
10527,0
7139,1
10765,1
8872,0
8877,1
5381,0
4594,1
10980,0
11069,1
9033,0
8741,0
3776,0
9321,1
3505,0
1920,1
4196,0
642,0
9623,0
5744,1
6255,0
3663,0
445,1
4137,0
9663,0
9604,1
3187,1
10967,0
10944,1
8848,1
4696,0
1522,0
9276,1
1316,1
7219,0
648,0
1597,1
8149,0
4002,1
794,1
608,1
3722,1
9797,0
693,1
9687,0
10104,0
5555,0
2546,0
8168,0
5656,1
4365,0
3042,1
1210,1
1462,0
9969,1
4633,0
5524,1
8301,0
10665,1
7881,1
11366,1
7011,1
4007,1
6632,1
4315,1
4307,0
8264,0
6191,0
1834,1
3440,0
5709,0
5093,1
777,1
935,1
3491,0
347,0
8461,0
8010,0
2943,1
3586,1
10545,1
10752,0
10868,1
51,1
4729,0
7203,0
8215,0
6265,0
1684,0
5862,0
2258,0
2934,0
1270,1
6466,0
4667,1
10870,1
7264,1
9844,1
6719,0
3153,1
5996,0
1704,0
5172,1
8794,1
6778,1
3822,0
6421,1
11168,1
7058,1
5782,1
7671,1
8656,1
5461,0
2808,1
3177,0
3211,1
5474,1
6785,0
9593,0
4068,0
1595,0
4547,0
5886,0
6902,1
8621,1
10605,1
3011,1
11363,1
860,1
5357,1
10413,1
4012,0
6682,1
210,1
9174,0
4156,0
3110,1
9249,1
4735,1
1087,1
404,0
1701,1
2039,0
8271,0
8362,1
5050,1
8622,0
3860,0
4553,1
7196,1
6188,0
5600,0
8982,1
9184,0
200,1
9426,0
8286,0
10694,1
8885,1
4847,1
2206,1
1337,1
7698,0
3726,1
9187,1
1533,1
5342,1
8783,1
8535,0
4050,1
5412,1
775,0
4210,1
7358,1
9910,1
10137,1
10567,0
8614,1
11334,1
9019,1
9864,1
972,1
7366,1
7774,0
299,1
9139,1
9762,0
3711,1
1355,0
8328,1
8239,0
8408,1
2096,0
1652,1
3157,1
4268,1
3708,0
705,0
2090,0
9704,1
2345,1
135,0
9188,1
6128,1
10990,1
3710,0
9826,0
1977,1
8080,0
1075,1
1509,1
10026,1
5564,1
6070,1
10956,1
6362,0
4876,1
4271,0
8733,1
5741,1
8047,0
4969,1
9719,1
8767,0
6060,0
5198,1
10602,0
6270,1
2642,1
11234,1
8677,1
11005,1
629,1
6215,1
8109,0
8681,0
164,0
9830,1
7133,0
10534,0
1024,1
5526,1
10462,0
4570,0
2534,0
377,0
2239,1
2010,0
4730,1
10009,1
11271,0
10866,0
9674,0
7192,1
9564,1
6753,0
9395,1
132,1
5939,0
6435,0
5663,0
6829,1
9234,1
490,0
5204,0
9957,0
8964,0
1599,0
7513,0
6010,0
5851,1
2223,1
6929,0
5429,0
4579,0
1665,0
4067,0
10996,0
6967,0
2466,1
2935,1
4045,0
370,0
9117,0
8760,0
6625,1
3918,0
3520,1
6874,1
4834,0
3686,0
8949,1
9179,0
8905,1
4665,0
6240,0
4533,0
8867,1
1247,1
8091,0
9194,1
7790,0
4668,1
2899,1
7728,0
2440,0
1734,1
6103,1
1794,0
9632,0
11154,1
7706,1
6654,0
4734,0
3032,0
8778,1
4076,0
8967,0
8282,0
3005,0
1900,1
417,1
9669,1
218,0
4603,0
8702,1
6895,1
3302,0
2038,0
9025,0
9471,1
2947,1
1711,1
465,1
1258,0
10966,1
7357,0
5904,1
1005,1
7620,0
4989,0
4800,1
4921,0
3749,0
1696,0
5850,1
5349,0
434,0
10346,1
7990,0
5692,0
2255,0
1797,0
4883,0
10732,0
3175,1
579,1
5967,0
4304,1
4778,1
8386,1
8996,1
127,1
5467,0
7922,0
8313,0
10862,0
3651,1
2304,1
3691,0
7105,1
3254,1
10394,0
3674,1
10333,1
66,1
838,0
8884,0
10182,1
4133,1
10955,0
4152,1
3897,1
5704,0
11336,1
10593,1
7842,1
4421,1
1523,0
2143,0
885,0
1812,0
4801,0
6118,1
6183,0
4958,1
3541,0
7330,0
2228,0
11359,1
3721,1
9035,1
820,1
8567,1
30,0
8281,1
3447,0
11361,0
9911,1
7229,1
8319,0
1401,1
6235,1
8642,1
3743,1
11389,0
7019,1
5588,0
188,1
222,0
9551,0
7625,1
6597,1
1749,1
1698,0
898,1
8528,0
4070,0
296,0
217,0
2707,1
967,0
7816,1
7012,1
6564,0
8276,0
5044,1
7549,1
108,1
2520,1
9732,1
2094,1
10676,0
2274,1
5103,0
3531,1
1180,1
3247,1
466,0
778,0
8903,1
4250,0
3809,1
2134,1
10409,0
8963,1
4297,1
443,0
5022,1
8316,1
1783,0
6252,0
2407,1
7869,1
1041,1
143,0
10842,0
9770,1
4641,1
6747,1
9568,1
1231,1
7197,0
7729,0
10755,0
2230,1
581,0
448,1
4902,0
9718,0
5913,0
10040,0
7596,0
8372,0
5949,0
7589,0
577,0
2204,1
8948,0
531,0
11371,0
10533,0
8259,1
7284,0
10557,0
9013,1
10570,1
7383,0
3827,1
1531,1
10813,0
2177,0
5323,1
6565,1
2848,1
8296,1
4093,1
9849,0
7315,0
6141,1
7761,0
8315,0
5253,1
9720,1
5206,0
3393,0
9339,0
4983,0
1570,0
6418,1
8202,0
2305,1
11197,1
3206,0
6413,0
3317,1
6823,0
5457,1
4276,0
4327,0
4242,1
6458,1
8608,0
10943,1
1136,1
5480,0
2215,0
11307,0
6528,1
170,1
8480,0
8752,0
5098,0
8107,1
4840,0
11372,0
4356,0
839,0
908,1
5280,1
11380,0
10887,1
8285,1
1427,0
3841,0
1148,1
10535,0
2383,1
1214,0
2435,1
5432,0
3203,1
1311,1
9420,0
8340,1
8174,0
6399,0
3474,1
8555,0
4782,1
3584,0
10157,0
3601,1
4872,0
10289,1
7036,1
4216,0
9893,1
6024,1
8862,0
4454,0
8246,1
2917,1
5031,1
8679,1
9951,1
9212,1
3102,0
7799,1
2577,1
8955,1
10574,0
3745,1
8737,0
2102,1
1264,0
10667,0
7756,0
4255,1
7872,1
8187,0
3047,1
2576,1
1748,0
4881,0
10616,1
3136,1
3946,1
8956,0
3345,0
6788,0
6035,1
8104,0
8847,0
4864,1
1686,1
10380,1
6224,1
7463,1
1307,1
4894,1
10792,1
3453,0
5716,1
8017,0
365,0
3204,1
385,1
5490,0
10149,0
6274,1
6525,1
8161,1
5216,0
478,1
1478,1
9316,1
5207,0
5223,1
5388,1
5832,1
9649,1
9315,1
9771,0
1647,1
39,0
4942,0
8273,0
1052,1
7800,1
6572,1
10741,0
10635,1
8411,0
11149,1
1656,1
6126,0
11161,1
814,0
3190,0
2016,1
9082,1
3006,0
1985,0
2449,0
3164,1
4660,0
7971,1
10420,0
8909,0
10235,0
6074,1
3408,0
7920,1
5070,0
2446,1
4655,1
784,0
5489,1
3894,0
7102,1
2036,1
2639,1
7335,1
8297,0
437,1
2107,1
2067,1
2147,0
7637,1
10958,0
8747,1
6715,1
123,1
1388,1
162,0
9150,1
8442,1
10548,1
6979,1
2903,1
8347,1
5442,0
538,1
9743,0
8106,0
4966,1
100,0
8844,1
4342,0
8103,0
668,1
10761,0
9538,0
7900,0
5071,0
6981,0
3090,0
8270,1
7245,0
8723,0
2307,0
70,1
1097,0
11398,0
3667,1
4865,0
8577,0
3818,1
8024,0
1822,1
8219,0
1607,1
4877,0
964,1
8447,0
4444,1
7590,1
8190,0
10170,1
10621,0
5942,1
3553,0
7183,0
9698,1
7170,1
6298,1
2712,0
9840,1
10131,0
6927,0
3611,1
2352,0
5541,0
3851,1
4428,1
1736,1
5171,0
4686,0
83,0
6478,1
10903,0
3947,0
6476,0
10326,1
5560,0
1193,1
5334,0
10456,0
4466,0
1137,0
8117,0
7457,1
5680,0
2799,0
9342,1
9941,1
9189,0
7717,1
8784,1
9868,0
3656,1
5966,0
3867,1
3510,1
3932,0
4292,1
5880,1
10035,0
9305,0
4463,0
9905,1
4516,0
4427,0
1578,1
8430,0
1125,1
7084,1
9350,1
7412,1
4775,1
2188,0
10745,1
2065,1
9368,1
1289,1
4311,1
8381,1
6057,1
941,1
460,0
7917,0
3945,0
9837,0
2948,1
9876,1
213,1
7609,0
5447,0
2221,0
6002,0
5193,1
1928,0
9716,1
3369,1
9123,0
8652,1
11140,1
1299,0
6178,0
8540,0
2656,1
10314,1
9064,0
2763,1
8546,0
8604,0
6966,0
7166,1
7509,1
7965,1
8112,1
10130,1
4599,0
2804,0
5895,0
2962,0
1958,1
11417,0
6972,1
10742,1
7747,1
4082,1
1496,0
451,1
9628,0
2830,0
6996,0
769,1
9278,1
1625,0
6898,0
7834,0
2544,0
9684,1
4129,0
3979,0
1150,0
3719,0
5230,0
3068,1
9507,1
10323,1
1891,1
6512,0
2028,1
5129,0
1119,0
10041,1
5464,1
6605,0
5471,0
6607,0
2771,0
6711,0
10478,1
7827,1
8291,1
98,0
2173,1
5055,0
8507,0
8227,0
3348,0
220,0
1090,0
10479,1
7915,0
2114,0
5984,0
3097,1
4434,0
1945,0
4944,0
4399,1
7076,0
2436,1
9470,0
4462,1
9855,0
2790,1
4124,1
8946,1
6196,1
5669,1
7928,0
9903,0
7650,0
10985,1
5469,0
8142,0
6542,1
332,0
2251,1
2526,0
553,0
4401,1
7546,1
8653,1
2553,1
4957,0
11155,0
6179,0
1275,1
2811,1
6331,0
7022,1
9078,0
10711,0
726,1
5874,1
8439,1
10385,0
9201,0
6221,1
10858,1
1554,0
6475,1
4270,0
1475,0
4326,0
8580,1
5611,1
3626,0
2238,0
5750,1
2818,0
7645,1
10241,1
846,0
8897,0
9654,0
4382,0
7554,0
459,0
3323,0
1461,0
4414,0
10881,0
8690,0
10225,0
6287,1
9092,1
4436,1
2225,1
3154,0
7411,0
4609,0
7267,1
3539,0
4844,0
5849,1
4319,0
7221,0
9100,1
776,0
3574,1
6675,0
9493,0
5444,0
3372,1
1331,1
5983,0
8300,1
2614,1
8901,0
8387,1
10125,0
3237,0
6741,0
3807,1
6837,1
9080,1
9609,0
828,1
11385,1
4612,0
8008,0
2115,1
1067,0
845,0
2972,1
6824,1
6986,1
6355,1
1605,1
3519,0
7153,0
11290,1
6913,1
10938,1
10044,1
9626,0
3331,1
8039,0
3121,1
3515,0
8856,1
5060,0
5265,1
4923,1
3221,1
8527,0
8320,0
7039,0
3641,0
10794,1
1962,1
6578,0
4424,1
3231,0
3080,0
715,1
7848,1
8477,0
3968,1
7505,1
1472,0
2731,1
2358,0
4820,0
2732,1
7518,1
10014,0
6617,0
4780,0
5662,1
8902,1
4165,1
11244,1
6570,1
1944,0
2159,0
5376,0
6149,0
477,0
3927,0
7385,0
3903,0
6941,0
103,1
982,0
7640,1
6576,0
3597,1
10771,1
393,0
4062,1
9645,0
7236,1
107,1
6893,1
2113,1
10795,1
3347,0
9285,0
9819,0
4349,0
10643,1
5339,0
7124,0
10432,1
7538,1
1901,1
7439,0
1192,0
526,1
10465,1
8532,0
10518,0
10748,0
10775,0
240,1
3765,0
10499,0
6561,1
6303,0
5746,0
342,0
3529,0
7243,0
8237,0
5562,1
7092,1
2245,1
6566,1
9812,0
3956,1
3016,0
4970,1
9587,0
1803,1
4716,0
10242,1
9768,1
7214,1
933,0
9938,1
4987,0
4539,0
11043,0
1636,0
2857,1
9715,1
4131,0
3346,0
3751,1
9170,1
7832,0
8713,0
10401,0
7046,0
4412,1
11263,0
7352,1
9168,0
11191,0
1373,1
2363,1
6084,0
3957,0
555,0
202,1
4132,1
2425,1
9152,0
5010,1
6372,1
10285,1
6130,1
612,1
1012,1
3707,1
10218,0
4405,0
8395,1
2138,1
5169,1
2646,1
2784,0
9053,0
6739,1
5163,0
4538,0
5090,0
2460,1
10481,1
4298,0
6025,0
10680,0
265,0
5364,0
10392,0
5775,0
4102,0
4221,0
10063,1
4031,1
2397,0
180,1
4054,1
3222,0
7770,0
10348,0
8128,1
1178,0
1890,0
5491,0
4664,1
278,0
8287,0
1023,1
11034,1
3353,0
10132,0
1058,1
6387,0
1457,0
3293,1
5096,1
9555,0
5194,1
11317,1
8895,0
5181,1
3921,0
486,1
5176,1
10991,1
9372,0
3234,0
10066,1
902,0
1562,0
8859,0
3583,1
6507,0
3026,0
298,0
6489,0
3052,1
9637,0
3280,1
9101,1
301,0
9485,0
4689,1
5122,1
4796,0
9225,1
10963,0
297,0
4939,0
11209,1
6673,0
6345,1
5027,0
7389,0
6880,0
5771,0
4512,1
5944,0
10677,0
9029,1
3049,0
4862,1
1898,0
10573,0
7891,0
7271,0
4979,1
11292,0
8048,1
11015,0
973,0
7230,1
7086,1
5887,1
8701,1
9384,0
5621,0
11096,0
10318,1
8986,0
5427,0
11287,0
10447,1
1045,1
8675,0
2913,1
8816,0
2876,1
1039,1
9390,1
849,0
3074,1
10838,0
9269,1
1432,0
8435,1
9862,0
106,0
6800,0
656,0
4805,0
62,0
6461,0
3664,1
2048,0
10486,1
9443,0
3582,1
1815,0
8502,1
6469,0
6400,1
4879,1
6591,1
6596,0
5405,1
3677,1
9086,1
2467,1
8487,0
9302,0
6342,0
3742,1
10970,0
6210,1
850,1
5104,1
9725,1
1852,1
6201,0
5215,0
11310,0
11115,1
3682,0
1780,1
9744,0
1631,1
7956,0
6447,0
4513,1
10402,0
9374,0
4024,1
1563,1
4708,0
4209,1
8892,1
6169,1
4659,0
6133,1
9565,0
8598,0
7775,0
8864,1
7208,0
2987,1
871,0
10917,1
3885,1
4558,1
359,0
1932,1
9026,1
9589,1
5993,0
5148,0
2286,0
7470,1
1177,1
2580,0
472,1
11337,0
9721,0
454,1
641,0
9733,0
6969,1
9366,1
5308,1
4968,1
9261,0
5919,1
1083,1
9950,1
4484,0
4486,1
3992,1
10885,1
3357,0
109,0
11151,1
8241,0
2789,1
3390,1
7780,0
8665,1
618,0
1200,1
6989,0
7487,0
10172,0
5355,0
8257,0
7344,0
1670,0
5920,1
8184,0
10111,1
1871,1
5026,1
8468,0
7386,0
10119,0
11225,1
253,0
1990,1
4288,0
9217,1
8356,0
6622,0
10194,0
11295,0
8423,1
6153,1
8303,0
9571,0
7290,1
10159,0
10143,1
5724,1
3689,1
6187,1
6749,0
5651,1
5106,1
3544,0
2898,1
1681,1
599,0
5726,0
9388,0
6831,0
7336,0
10250,1
11118,0
6839,1
7874,1
10223,1
4952,1
1598,1
4316,1
10630,1
4247,1
5955,1
11181,1
3516,0
980,1
8554,0
7316,0
6809,1
7825,0
3036,1
11147,0
11378,0
9562,0
8695,1
11013,0
255,0
241,1
4719,1
3984,1
2939,1
7456,1
10685,1
2938,1
1515,1
9003,1
1814,1
5824,1
6885,0
10544,0
2,1
8989,1
11373,0
2411,0
10220,0
10693,1
6332,0
8450,1
2605,1
5092,1
6501,0
5837,1
33,1
3107,0
2795,0
9677,1
7464,1
738,0
920,1
6671,0
5992,0
7080,1
1627,1
6175,1
10321,0
8939,1
5550,0
5384,1
7085,1
3454,1
6549,0
4289,0
1011,0
2978,0
505,0
893,1
11335,1
8683,0
2378,1
7356,0
10727,0
1960,1
2703,1
2877,0
3657,0
1644,0
3165,0
7587,1
9909,0
3330,0
735,0
10030,1
1021,0
9765,0
4114,1
9791,1
2545,0
11002,0
5672,1
9531,0
1384,0
3367,1
1319,0
6455,1
3666,0
3754,0
10372,1
10561,0
11351,1
9158,0
6297,1
4479,1
7437,0
1735,1
307,1
1450,1
8496,1
1050,0
5802,0
10629,1
1403,1
3755,0
9825,0
11410,1
6464,0
1614,0
7875,0
4198,1
684,1
10197,1
11187,1
6454,0
2675,1
11221,0
5943,0
6482,0
5436,0
325,0
8823,1
3334,0
4860,0
6309,0
2604,0
3166,0
3118,0
1130,0
9489,1
6587,0
8488,1
9954,0
4656,1
7220,0
8193,1
2218,0
2860,0
1639,1
1057,1
4536,1
1,1
6651,1
5124,1
2653,1
9272,1
8057,0
7212,1
5242,1
10291,0
10526,0
6230,0
5534,1
6243,0
8253,1
10830,0
245,1
9408,0
2596,0
11044,0
3830,1
3299,1
5448,0
9027,1
6779,0
8910,1
4335,1
4670,1
3307,1
10614,0
4950,0
831,0
3780,1
8832,0
6392,0
10343,0
2192,1
7685,1
1121,1
6769,0
3619,0
2148,1
10214,1
5896,0
4056,1
8035,1
11396,0
2451,0
5868,0
5703,0
10262,1
6601,1
6657,0
3679,0
5599,1
795,0
10598,0
3248,0
8858,1
6492,1
5302,1
10378,0
2801,0
6495,1
8696,1
6236,1
10095,1
3478,1
9758,1
949,0
9378,1
3725,0
2581,1
9847,1
2975,0
3783,0
4477,1
6077,0
5617,1
1564,1
4222,1
1743,1
3051,0
9469,1
2117,1
7455,0
9925,1
4445,0
10344,0
5077,0
9631,0
8293,0
174,1
6420,0
8027,0
8917,0
2609,1
8272,0
8016,0
11298,0
2704,1
3935,0
5909,1
5150,0
8584,1
2661,0
5902,1
2371,1
8148,1
3573,1
1569,0
6816,1
7666,0
285,0
11286,0
4760,0
9815,0
8876,0
10799,1
7607,1
6321,1
1862,1
1060,0
1860,0
2281,0
4460,0
10808,1
3628,0
10005,1
2448,0
613,1
884,1
10421,1
8836,0
1708,0
167,0
9705,0
353,1
5247,1
9120,0
2922,1
2579,0
3138,1
7635,0
8173,1
11060,1
6431,1
1557,1
3000,1
9811,1
3224,0
6050,0
7262,1
2133,1
3961,1
6282,0
6436,0
1764,1
654,0
8059,0
9352,1
2484,1
8001,0
10908,0
9138,0
4912,1
2277,1
10002,0
1431,0
1801,1
10411,1
11125,1
9780,0
3694,0
11237,0
9478,1
944,0
7057,1
5840,1
6639,0
136,1
2155,0
4318,1
4623,1
9279,1
7466,0
4807,0
10579,0
6653,1
2868,0
3870,1
3732,1
8133,1
4266,1
8277,0
1412,0
878,0
11365,1
4485,0
9300,1
1246,0
3741,0
9077,0
4337,0
2056,1
5058,0
541,0
5513,0
3463,1
4018,1
1870,0
7919,1
10405,1
4552,1
9955,1
896,0
4452,0
1306,1
9195,1
6425,1
5705,0
2867,1
3842,1
1063,0
5192,0
9341,1
1165,1
4826,1
10497,1
1630,1
1827,1
2927,0
10011,0
6757,0
5068,1
2573,0
10155,1
9431,1
7468,1
2069,1
4491,1
8416,1
10292,0
9065,1
3209,0
10424,0
2193,0
1565,1
1455,1
8699,0
11320,0
2079,0
2759,1
11304,1
5609,0
3021,1
5632,0
7013,0
7605,1
11134,1
8082,1
2268,1
8406,0
3580,1
149,0
7665,1
3775,1
6699,1
1620,1
5036,0
11189,0
4709,1
11183,1
11340,0
4138,0
2588,0
7575,1
8835,1
8458,0
2329,0
8306,1
3794,0
10800,1
6945,0
10528,0
3442,0
6883,1
3294,0
10550,0
5141,1
7392,0
10965,0
5450,1
9349,0
6915,1
7953,0
1456,1
827,0
1320,1
5872,1
2798,0
4469,1
10152,1
7963,1
5111,1
2234,0
9657,0
1844,0
10633,1
9857,0
10625,0
1044,1
4843,0
11111,1
2153,1
5679,0
7384,0
900,0
4441,1
1318,0
10578,0
2163,0
10953,1
81,1
8550,0
10204,0
3857,0
11171,0
5556,1
3700,0
1966,1
8130,0
10308,0
6081,1
7348,1
1153,1
6963,1
1953,1
9935,0
205,0
8085,0
501,1
8997,1
634,0
3546,0
7916,1
6930,0
10470,1
4661,1
8089,0
2589,0
9973,0
5847,0
5885,1
6348,0
10252,1
4945,1
3019,1
11382,1
6787,0
5149,1
1239,0
8908,1
10163,0
5413,0
2418,0
7856,0
7798,1
6567,1
1166,1
9759,1
9286,0
1629,0
6599,0
7562,1
10833,1
6245,0
6119,0
2470,0
7781,0
1768,1
7479,1
5174,1
3988,0
6121,0
7510,0
4747,1
11039,0
7433,0
9747,1
11199,0
5658,1
6618,1
1014,1
5032,1
7524,0
9722,0
4139,0
9714,0
3977,0
1992,0
5146,0
10109,1
329,1
5165,1
8933,1
10439,1
7712,1
479,0
9440,0
6786,0
1152,1
2287,1
6370,0
6574,1
6536,0
5009,0
4471,1
1601,0
7684,0
6437,0
9005,1
6067,0
5401,0
5734,0
4746,0
10691,1
10855,0
8360,0
1740,1
10864,0
2503,1
7731,0
7003,0
5561,1
4717,1
7266,1
2694,1
5035,1
8446,1
968,1
8999,0
1536,1
3059,0
5572,1
2183,0
6635,0
5196,0
2561,0
3653,1
9648,1
8086,0
6697,0
6638,0
6394,1
7616,1
3723,1
7691,0
7548,1
4174,0
2788,0
8065,0
3940,1
5610,1
9636,0
8191,1
3914,1
10709,0
3402,0
4829,1
2880,1
9333,0
9047,1
1443,0
11163,1
11318,1
8740,1
8977,1
2649,0
8213,0
4211,1
9067,0
6696,1
9260,0
1976,1
1230,0
79,1
5047,0
9021,1
2070,0
9254,1
9015,0
4727,0
5925,1
5577,0
9036,1
4077,1
7322,0
10836,1
3910,1
9463,0
8067,1
5145,0
5227,1
4994,0
10895,0
10825,0
2089,0
4130,0
9751,1
9397,1
10971,0
5125,1
7497,1
5687,0
7929,1
4453,1
2744,0
8441,1
9894,0
9132,1
4622,1
8968,1
5004,1
7632,0
8861,0
6072,0
10007,1
211,0
2832,1
2965,1
234,0
2005,0
1532,0
2200,0
11402,0
69,0
5571,1
7249,0
6168,1
8954,0
5963,1
3149,1
4413,1
4774,0
8785,1
5694,1
2696,0
500,0
4264,0
8000,0
4113,1
806,0
4426,0
9171,1
11405,1
5099,1
9598,1
2112,0
5647,1
7009,0
9303,1
8321,0
4085,1
78,0
1161,1
4845,0
8389,1
6375,0
5740,0
9936,1
3489,0
4690,0
1577,0
7750,1
2241,0
867,0
4530,0
9468,0
11311,0
5332,0
1268,0
1929,1
7394,0
2570,0
8218,0
349,0
10029,1
2958,0
10282,1
5273,0
7277,0
10804,0
9121,0
2169,0
7263,0
9387,0
2439,0
8474,1
5593,1
10909,1
5789,0
10324,1
4309,1
1726,0
4705,0
1574,1
8654,0
2536,0
8637,1
11053,1
1284,0
7887,0
5930,0
3974,0
2558,0
9537,0
7303,1
8382,0
1682,0
8742,0
698,0
7519,1
11067,1
7972,1
1278,0
9600,1
3737,0
9953,0
1091,1
7742,1
2430,1
8779,1
4039,1
1173,1
5605,0
9061,0
3605,0
257,1
102,0
9887,0
8684,1
741,1
1392,0
9916,1
9499,1
4040,0
6339,1
9741,1
4701,1
7001,0
3589,0
7626,1
8777,0
3716,0
6313,1
432,0
7720,1
4437,1
5856,0
912,1
8263,1
6189,0
7737,0
3137,0
672,0
6045,1
6592,1
7828,1
1189,0
9966,1
1866,0
7008,0
2692,0
6983,0
7195,1
3395,1
2937,0
3767,0
6102,1
3040,0
5642,0
1606,1
4846,1
2956,0
1502,0
3555,0
6660,1
2630,0
3810,1
11028,0
4493,0
1663,0
6312,0
6571,1
882,1
488,0
7467,1
9866,1
7248,1
410,0
9209,0
8500,1
2493,0
10391,1
5335,0
7127,0
9831,0
3929,1
11196,0
1978,0
6899,1
7689,0
6479,1
10317,1
2125,1
11026,0
5531,0
4094,1
8483,0
7515,0
1904,1
11077,1
8522,1
864,0
6992,1
5188,0
7582,0
7028,0
10796,1
7010,1
150,0
4699,1
4630,0
7063,0
2023,1
6341,0
10569,1
6761,1
11301,1
8529,1
10797,0
1294,1
1016,1
6316,0
9798,0
3024,0
7935,0
10403,1
7150,0
5677,0
7071,1
6086,0
1692,1
7110,1
9836,1
1393,0
3821,1
9071,1
6764,1
7067,1
11354,1
5208,0
3358,0
8365,1
1869,0
5661,1
4022,1
8611,1
9556,0
10288,0
9696,1
8834,1
8703,1
6503,0
428,1
10015,0
3219,1
10948,1
3126,1
6163,1
4906,1
626,1
10162,0
2308,0
117,0
4472,1
3627,0
5835,1
848,1
9241,0
2910,0
231,1
5079,1
3094,0
10084,0
4107,1
3637,0
2333,0
2164,1
9273,0
1617,1
9089,0
7094,0
5601,1
1755,1
6946,0
3812,1
6853,0
7044,0
6432,0
4776,1
9353,0
690,0
6808,1
1056,0
10843,0
9323,1
6796,1
6563,1
6881,1
2524,0
6954,0
10541,0
4998,0
6759,1
8422,0
9518,1
7141,1
4438,1
7341,0
1062,1
4183,0
187,1
6634,0
7120,0
390,1
4954,0
2011,0
178,0
6918,1
1376,0
4422,1
10429,1
8667,1
2024,0
7961,0
6256,0
4449,0
11090,0
6792,1
5183,1
2726,1
4947,1
1868,0
6012,0
3616,1
10753,1
1947,0
556,0
6285,1
9924,1
11285,1
3649,1
8076,1
5483,1
10408,0
1559,0
3152,0
7119,1
8140,1
3441,1
235,0
2538,0
2388,0
3064,1
9959,0
4109,0
7642,0
3848,0
4934,0
8171,1
6001,1
9879,0
5792,0
9548,0
10974,0
2033,1
406,0
7034,1
9713,0
1242,1
8940,0
212,0
3186,1
1667,1
3887,0
651,0
8260,1
4645,0
2054,1
7116,0
5911,1
11230,0
1003,1
10417,1
4261,0
2414,1
965,0
5907,0
7880,0
679,0
8061,0
10488,1
2816,0
3145,1
5990,0
6349,1
2424,1
1903,0
3495,0
10507,1
8526,0
6858,0
2749,0
6258,0
2817,0
4816,1
7532,1
7369,0
2621,0
4029,0
10161,0
9606,0
4741,1
5790,0
4170,1
5392,0
4078,1
9356,0
10812,0
11198,1
605,1
10979,1
10563,1
8818,1
8501,1
8878,1
9162,0
2970,0
5157,0
9591,0
8766,1
4474,0
6713,1
3858,1
2689,0
6022,1
10022,0
193,1
8978,1
8993,1
4193,0
6030,0
6864,0
10012,0
8056,1
11174,0
10379,1
3099,0
6745,0
6870,1
6029,0
1843,0
11058,1
1381,0
1290,1
6371,1
206,0
4260,0
10475,0
7909,0
5773,0
1330,0
5972,1
457,0
2052,0
3290,0
9181,1
1171,1
2996,0
10382,1
2310,1
8323,1
7134,0
4275,1
4046,1
2837,0
4503,1
2007,0
1552,1
5385,1
463,0
3111,1
3624,0
1779,1
227,1
4522,1
2152,0
6377,1
7991,1
5527,0
3643,0
8820,1
8229,0
10790,0
11094,0
416,1
4361,1
7858,0
251,1
10047,0
9764,0
4095,0
7667,0
6876,0
4500,0
5554,1
1634,1
4995,1
300,1
6383,1
10224,0
1952,1
984,1
978,0
1326,1
10058,0
2916,0
487,0
4869,1
10523,1
5706,0
4777,1
1918,1
6407,1
3567,0
5884,0
8200,1
9327,1
876,0
7014,1
7444,1
10634,1
8569,1
9133,1
928,0
7952,1
1308,1
4191,1
3387,1
7052,0
4353,1
4074,0
8893,0
7813,0
8053,1
3260,1
4075,1
4684,1
3065,0
9221,1
1876,1
10688,1
8094,0
7904,1
10302,0
401,0
1407,1
6132,0
2279,1
11076,1
3542,1
9995,0
10807,1
9757,0
6677,1
9153,1
9434,1
8314,1
2302,0
6889,1
8769,1
8424,0
10246,0
10891,1
1530,1
6014,1
8460,1
8756,1
9375,0
1973,0
1885,1
6061,1
10547,1
4874,0
1916,1
2729,1
9419,0
11047,1
3114,1
1151,0
11074,1
1931,0
9091,0
82,0
7143,0
6460,1
7653,0
10922,1
6833,1
10431,1
8095,0
3188,1
6631,1
7391,1
1000,1
1697,0
6984,0
4636,0
8722,0
2572,1
786,0
7177,0
5558,1
10451,1
8433,1
5822,1
2950,0
657,1
3373,1
9711,1
2457,1
3728,1
5458,1
2826,1
3569,0
6797,1
9783,1
3844,0
1334,1
3274,1
681,1
4604,0
9752,0
7106,0
10397,0
9778,1
4262,1
5812,0
1022,0
8706,0
3131,0
367,0
2263,1
2666,0
3849,1
5547,1
4707,0
11284,0
2640,0
2688,0
7401,0
8180,0
8860,0
7396,0
6742,0
1201,1
9345,0
5097,0
1905,0
9338,1
10358,1
1924,0
10522,0
10244,1
7146,1
261,0
11281,0
9818,0
1046,1
6443,0
2108,1
528,0
10540,1
8003,0
9140,0
3633,1
7218,1
4731,0
844,0
8912,1
5715,0
1987,0
6526,0
2756,0
7282,1
4285,0
8541,0
5635,1
3301,0
2743,1
6736,0
10278,0
9191,1
2049,1
2841,0
9554,1
204,0
9988,1
7797,0
1887,0
2810,1
10212,1
6702,0
5986,1
9011,1
704,0
4069,0
6608,0
4848,0
8361,0
11042,1
3645,0
2328,1
9422,0
5328,1
9360,1
2109,0
5282,0
9224,1
230,0
4084,1
10692,1
9850,0
8565,0
7066,1
3746,0
9090,0
10594,1
11411,0
1911,1
1344,1
2686,0
2017,0
6754,0
1262,1
2267,0
335,1
10902,0
5733,1
4996,1
5864,1
9336,0
10037,1
11052,1
5021,1
1925,1
1293,1
6939,1
8618,0
3647,0
4545,1
3703,1
5016,1
6905,1
7387,1
199,0
633,1
7951,1
4126,1
1746,0
7005,1
5551,0
11078,0
689,0
2318,0
10736,0
5000,1
6214,1
2912,0
1428,0
10926,1
2422,0
8312,1
11313,0
8664,0
4917,1
6843,1
4118,1
10118,1
8311,0
3591,1
7901,1
10166,1
1980,1
289,1
9059,0
7065,0
2597,0
10039,1
10992,1
9268,0
9364,0
1543,1
4514,0
5135,1
3167,1
6134,0
9789,1
9311,0
7543,1
91,1
8054,1
1361,0
7892,1
2037,0
2004,0
4384,1
8493,1
5264,1
9599,1
10538,1
7511,0
1421,0
9075,0
11107,1
4563,0
2372,1
785,1
7059,0
8185,1
10739,1
452,1
10487,0
5563,1
6604,0
1567,0
733,0
8882,1
5906,0
7907,1
4489,1
1141,0
5809,1
4509,1
6535,0
1036,1
2945,1
6834,0
9202,0
8612,1
6707,1
6999,1
2715,1
11278,0
855,1
9034,1
5781,1
6962,1
1371,0
10860,1
1946,1
9441,1
6380,0
3120,1
7088,0
7167,0
5931,1
6514,1
3082,0
7709,1
400,0
6585,1
8099,1
7523,1
7687,0
894,0
9535,1
11216,1
5579,1
8748,0
2757,1
6768,0
8388,1
3556,0
386,0
3815,1
5926,0
5151,1
5235,0
2050,1
10505,0
4134,0
2275,0
7529,0
701,1
6871,1
9148,1
4962,1
6301,0
2551,0
1109,0
7836,0
4761,1
7257,0
4433,1
10494,0
4240,1
3071,0
113,1
11195,0
9691,0
4582,0
5664,0
9775,0
3143,0
4893,0
3833,0
5061,1
9611,0
2891,1
6656,1
7298,0
6026,0
4981,1
5346,1
5049,0
2695,0
4524,1
1183,0
5222,1
7115,1
11400,0
2668,1
6364,0
2638,1
5649,0
6947,1
2068,1
5292,1
3417,1
4236,0
3603,1
4272,0
1839,0
8755,0
7962,1
1471,1
8639,0
10604,0
2242,1
7794,0
8198,1
8796,1
1089,1
7805,0
6048,1
3551,0
4478,0
10952,0
1134,0
10721,0
4593,1
8244,1
594,1
5028,0
1804,1
5544,0
5674,0
1730,0
6943,0
2111,1
356,1
2562,1
2543,0
11266,1
6649,1
1358,1
2214,0
10611,0
9532,1
2522,0
147,0
8212,1
9723,1
1229,0
3962,1
7002,1
6598,1
10128,0
2800,0
8295,1
5481,0
10422,0
6602,1
1198,1
8114,1
5287,0
6198,0
8822,0
2224,0
1498,1
10886,0
10827,0
6822,0
8514,1
6360,0
4824,0
10226,0
6017,0
3105,0
1500,0
5973,1
1168,0
6114,1
1912,1
737,0
7093,1
571,0
1963,0
3494,0
10998,1
10114,1
2820,1
10911,1
1422,1
7943,1
7508,1
3986,1
1619,0
4783,0
3124,1
11032,1
3576,0
10115,1
3214,0
6402,1
414,0
1788,0
8196,0
9990,0
1548,0
11319,1
6581,1
11127,1
4006,1
5777,1
8249,0
3900,0
5980,0
10738,1
5387,0
2872,0
4440,1
3509,1
11427,0
9510,0
2556,1
421,0
2711,1
9438,0
508,1
791,1
229,0
7773,1
1366,1
2969,0
9328,1
8944,0
4057,0
5470,0
7950,0
4439,0
9622,0
1102,0
3563,1
9310,0
10072,0
7258,1
8392,1
5087,1
4166,0
10783,1
7966,1
7849,1
6515,1
4208,1
6099,1
2160,1
3391,0
8265,1
2690,1
5274,1
810,0
3144,0
4564,0
6681,0
1385,0
5820,0
4332,0
5604,0
8132,1
4973,0
914,0
7395,0
11269,1
5020,1
8342,0
7398,1
7227,1
3835,1
8497,0
10896,1
5419,0
1609,1
10480,0
1766,1
2438,1
4724,0
3151,1
9433,0
3659,1
712,0
3249,1
6684,0
10835,0
8145,0
2699,1
6098,0
8552,0
9332,0
10127,0
5398,0
10498,1
2338,0
6065,1
2665,0
11360,1
4015,1
1526,0
6315,1
10110,1
9381,1
11025,0
6643,1
9550,0
665,1
8937,1
1714,1
10927,1
9283,1
139,0
686,0
10882,0
4875,1
5008,0
9603,0
334,0
8233,1
2291,0
7903,1
4366,0
4088,0
9754,0
1348,0
6828,0
3088,1
6942,1
10260,0
4904,0
358,0
10468,0
1675,0
55,1
2681,1
3733,0
3109,1
2835,0
7462,1
10232,0
7023,1
10964,0
5275,1
5201,0
10806,1
7540,1
2015,0
11010,0
4461,1
8811,1
9672,1
5520,0
793,0
3571,1
9094,0
6912,1
5873,0
3613,1
523,0
1035,1
1622,1
1237,0
6703,1
2370,0
10256,0
6676,0
2085,1
4372,0
1789,1
1440,1
10592,0
4096,0
6752,1
5755,0
9009,0
10822,1
6471,1
3050,0
2765,1
963,0
7743,0
5102,1
621,1
1233,1
8787,0
11112,0
3777,0
5691,0
3142,0
4061,0
3479,1
5595,0
5780,0
1415,1
4757,0
5475,1
9023,1
4723,1
9547,0
10305,1
9561,1
4867,1
2156,0
2106,0
8689,1
1534,0
7821,1
7833,1
907,0
637,1
8084,1
8042,1
2220,1
4280,0
558,1
7644,1
2865,0
8826,1
177,0
151,1
3550,0
7070,0
8707,0
8224,1
4762,1
7405,1
9852,1
8465,1
7375,1
8886,1
2490,0
1273,1
8150,1
2716,0
11345,1
6679,0
2128,0
9851,0
10743,0
4697,0
341,0
68,0
1608,1
10610,1
872,0
802,1
11273,0
8139,1
2044,1
112,0
10370,0
3902,0
7999,0
3806,1
3912,0
462,1
3983,0
2341,1
3148,0
8809,0
9481,0
7804,0
798,1
10624,0
962,1
8066,0
9118,0
7911,1
6924,0
2859,0
9280,1
4803,0
10083,1
7885,0
65,1
1094,0
413,0
3008,0
2025,1
550,1
11258,0
9514,1
2540,1
10769,1
4010,0
5195,0
729,0
4704,1
283,1
6293,0
2886,0
8402,1
4556,0
5024,0
6558,0
3063,1
10399,0
11272,1
7478,1
2662,1
11205,1
10993,0
7937,0
3787,1
9624,0
1411,1
11282,1
7746,0
6195,0
9803,1
7334,0
2904,1
10390,1
6053,1
3906,0
5250,0
11300,0
5285,0
2437,0
1679,1
4546,0
8221,0
10336,0
8506,1
4420,0
9031,1
2920,1
5249,1
10930,0
7973,0
6412,1
3159,1
10178,0
4627,0
4703,0
1241,0
8585,0
5367,1
10770,0
8451,0
5462,1
586,0
1537,0
9740,0
8019,1
536,0
6551,0
9577,0
11270,0
8936,0
2794,1
9613,0
11120,1
7547,0
11176,0
5360,1
7318,0
1646,0
2549,1
5115,1
2243,0
1105,0
4091,0
9041,1
6863,0
606,0
4763,1
1712,0
8243,1
9940,1
6337,1
11056,1
7686,1
8536,0
214,0
6961,1
5613,1
6319,0
11201,0
3337,0
7983,0
5748,0
9083,0
2777,0
5441,0
6290,1
6794,0
328,1
7536,1
8222,0
10623,1
8732,1
10957,0
3950,0
7043,0
8023,0
4100,0
4184,1
7823,1
9549,1
4320,1
2385,1
4238,1
10715,0
4254,0
158,0
6716,1
6422,1
10434,0
3764,1
9232,1
1194,1
9166,1
7443,0
1816,1
4725,1
4143,0
9948,1
6748,0
314,0
118,0
9437,1
7364,1
8,0
6087,0
9788,0
2761,1
1676,0
4001,0
209,1
4793,0
6789,0
10961,1
1897,1
1693,1
7634,1
8204,1
7812,0
537,0
503,0
9313,0
6919,1
5882,0
4880,1
10046,1
3268,1
1575,1
2778,0
2244,0
403,1
10176,0
5272,1
10619,0
2785,1
7808,1
8097,1
1232,1
3200,0
1236,1
3685,1
7647,1
1568,1
64,1
1122,1
6430,0
5964,1
3890,1
156,1
76,0
11381,0
8455,1
9256,0
2678,1
474,0
8906,0
3527,0
2298,0
4249,0
2619,1
1847,0
7338,1
6841,0
4185,0
10695,1
4328,0
2909,0
11407,1
7745,1
2357,0
8405,1
1499,1
7851,0
5084,1
2925,1
10637,0
8641,1
4258,0
1426,1
3967,1
305,1
8254,0
7040,0
1527,1
6840,0
27,0
1140,1
3817,1
8489,0
5110,0
7733,1
9530,1
8597,0
11299,1
6692,1
4946,1
3009,0
5363,1
767,1
6434,1
5668,0
3896,0
9211,0
7382,0
3536,1
8638,0
4323,0
2963,0
8576,1
4583,1
10205,1
619,1
11085,0
11246,0
6931,1
5582,0
658,1
6140,1
7725,1
7787,1
2256,1
5608,1
5657,1
10337,0
9062,0
6239,0
917,0
10587,0
396,1
3796,1
9739,0
2568,0
2072,1
4257,0
11302,0
9222,1
1103,0
7107,1
5525,1
4568,1
7425,0
833,1
2196,1
1447,0
9976,0
6838,1
3715,1
1823,0
7765,1
5495,0
2210,1
8801,0
5751,0
2592,1
8151,0
9055,1
10787,0
9629,1
450,1
423,1
4391,0
114,0
4882,1
2595,0
10914,0
6856,1
3804,1
3465,0
1875,0
7544,1
5991,0
2554,0
4388,0
7047,1
11215,0
11045,1
10899,1
9853,1
3184,0
8620,0
10690,1
7160,1
4933,1
6680,1
7979,1
2124,0
2456,0
7683,1
1800,0
7287,0
4713,1
5535,0
2480,1
8044,0
10977,0
148,1
2770,0
2034,1
5482,0
519,0
9810,1
8143,1
2299,0
5393,0
10295,0
7968,0
931,1
10689,1
9608,0
3078,0
4520,0
6347,0
3183,0
588,0
1095,0
9981,1
6248,1
4580,0
5348,1
1683,1
2055,0
2617,1
2977,0
6659,0
8129,1
5957,1
5508,0
5738,0
3712,1
7588,1
9292,1
5954,1
2202,1
8972,1
9895,1
11415,0
696,1
2792,0
4591,0
9543,1
5139,1
5573,0
9633,1
6729,1
6151,0
569,0
2171,0
1752,0
7247,0
1147,1
3901,0
6113,0
10230,0
3680,0
5831,0
1065,1
9473,0
4359,0
8513,0
1312,0
7762,0
1328,1
2203,1
11357,0
10606,0
5722,1
5179,0
6302,0
10019,0
1521,0
9977,1
494,0
4214,1
6672,1
835,1
604,1
3004,1
1658,0
6197,0
11029,0
6804,1
9689,0
6177,0
7561,0
3991,0
9517,1
7501,1
3409,0
1855,0
6554,1
10297,1
2101,0
5236,0
9112,1
8404,1
11188,0
8925,1
7759,0
7098,0
10081,0
3840,0
2946,1
411,1
7598,1
6100,1
10675,1
5220,0
9573,0
7152,0
561,1
6694,0
3843,0
10129,0
8985,1
8248,1
4669,0
1984,1
4566,0
2831,1
4523,1
9488,0
3010,1
1465,0
11416,0
5538,0
1253,1
4207,1
412,0
8119,0
7925,0
734,0
1511,0
5948,1
4367,0
10099,1
9416,0
3612,1
163,1
3552,0
10931,0
6971,0
5681,1
9863,0
2923,0
1645,1
10627,0
9735,1
8745,1
4430,0
3739,1
10098,0
9114,1
6108,0
7597,1
11079,0
674,1
6433,1
6320,0
2986,0
10416,1
10603,0
4329,1
7622,1
6117,0
7531,1
8467,0
9219,1
1159,1
8343,1
3227,0
1195,0
8678,0
84,1
395,0
1584,1
10999,0
4128,1
9546,0
7176,0
5072,0
9931,1
7033,1
5319,0
2849,0
5615,0
498,1
8290,1
8172,1
3041,1
5310,1
960,0
10351,0
1061,1
1699,1
6782,1
3416,1
8020,1
2026,1
5175,0
6641,0
4498,1
6211,1
5415,0
2376,0
6994,0
9965,1
4616,1
10747,0
10846,1
10841,1
5389,1
1245,1
5752,0
10086,1
2885,0
2905,1
624,0
7705,1
11349,0
447,1
1787,0
6379,1
9627,1
9417,1
2900,0
183,1
7064,0
9213,1
2059,0
247,0
1926,0
3220,1
10780,1
4610,1
4758,0
201,0
10648,1
9491,1
10785,0
19,0
389,1
2427,0
1680,0
2320,0
1677,1
742,0
3590,1
5727,1
3180,0
10837,0
8571,1
545,0
1078,1
10458,0
40,1
3226,1
4142,1
8021,1
6323,1
5762,0
6949,0
3193,0
3468,1
1362,1
4650,0
7018,0
4646,0
1635,1
2454,1
5486,1
4873,0
5354,1
5670,1
7591,0
154,0
7135,1
4640,1
3717,0
7078,1
8595,0
10025,1
7289,1
2504,1
3084,1
5017,0
2487,0
10053,0
2691,0
1368,1
3189,1
10359,1
425,1
682,0
10520,0
9615,1
1436,0
1487,0
7914,1
4181,0
5485,1
1759,1
2843,0
10515,0
10199,1
10600,0
3233,1
5685,0
10915,1
10217,0
9874,0
6534,0
11338,0
10714,0
4835,1
1623,1
580,0
10801,1
1600,0
7223,1
1346,0
910,1
1703,1
6032,1
7852,0
1765,1
6059,0
5905,1
4172,1
34,0
8475,0
5779,0
6733,1
4541,0
4752,0
5666,1
5305,1
7767,1
4189,0
10582,1
6142,0
937,1
4781,0
6456,1
9991,0
578,0
10929,1
8715,1
3673,0
67,0
7748,0
1830,1
7187,0
7796,1
10890,1
3779,0
4385,1
3308,1
4759,0
2753,1
1417,1
7785,0
2878,0
5350,1
2654,0
9585,0
8226,0
6658,0
3908,0
8398,0
11048,0
5040,1
10503,0
5576,1
8589,1
3801,1
5329,0
1205,1
2359,0
1027,1
10820,1
4710,1
9816,0
5798,0
8879,0
1377,1
5867,1
8551,0
4135,0
10101,0
9046,1
5063,1
9579,1
2585,0
6688,0
887,1
3123,1
1295,1
9906,0
7370,1
10032,0
5865,1
1181,1
8194,0
7672,0
788,1
4344,0
2492,1
185,1
1389,0
9519,0
7841,1
6426,1
9602,0
8159,0
6970,1
130,1
7871,0
7539,1
9296,0
10859,1
9724,0
9069,1
4055,1
3845,1
276,0
2332,0
198,0
384,1
2734,0
4167,0
9304,1
3403,0
10077,1
7413,1
9655,1
3996,0
9502,1
8692,1
10588,1
6836,1
10489,0
3596,1
6538,1
9745,0
492,0
2515,1
6233,1
10832,0
2481,0
5345,0
6340,0
6624,1
326,0
3923,1
5676,0
4576,1
3766,1
8670,1
10749,0
2272,1
3356,0
4937,0
495,1
1933,0
8472,1
5735,1
2030,0
6701,1
6562,0
10396,1
7494,1
2823,0
6896,0
10100,1
2539,1
6279,1
8476,0
7279,0
5721,1
7069,0
8373,1
568,1
399,1
8952,1
5434,1
9126,1
8367,0
8329,1
10060,1
8077,1
1919,1
8926,0
9727,0
7422,1
176,1
10366,0
4737,0
3759,0
7410,1
4899,1
11387,1
7378,0
294,1
8570,1
598,1
7435,1
4154,0
9597,0
1202,1
6200,1
9264,1
10756,1
7475,1
9808,1
678,0
3427,0
1688,1
1959,1
5316,1
1333,0
8833,0
4145,0
9790,1
4373,1
6995,1
11030,1
5391,0
5830,0
4510,1
5041,1
9607,1
5618,0
5170,0
5797,0
1135,0
10904,1
6463,0
923,1
10057,0
680,0
6758,1
7165,1
9045,1
4924,0
4975,1
1775,0
8673,1
7332,0
4219,1
4450,0
7201,1
2157,1
10042,0
1353,0
3058,1
993,1
7701,0
1144,0
2915,1
1093,0
5589,0
6710,0
9436,0
5631,1
10313,1
4293,1
8074,0
3263,1
9229,0
8725,1
10074,0
9242,1
3548,1
3298,1
3477,0
3397,0
6127,1
947,0
10265,1
5962,1
1277,1
10180,0
6049,0
7678,1
9700,1
1687,1
3286,0
6848,1
5805,1
2182,0
797,0
11259,1
8817,0
8417,1
6470,1
2791,0
4569,1
225,0
10016,0
4112,1
9967,0
8170,1
1771,0
9856,1
11409,0
10364,1
7695,0
5803,0
4794,1
1596,0
6516,1
6499,1
7676,0
2983,0
7989,0
1419,1
6623,0
703,1
530,0
11419,0
1702,1
6414,0
8102,0
5038,1
5876,0
5620,0
9193,0
5033,0
7024,0
10873,1
7818,0
9653,0
10774,1
6104,1
4228,0
6669,1
7940,0
6021,0
7734,1
8203,0
6690,0
1310,0
2386,1
601,1
3838,1
11377,1
1874,0
5257,0
4600,0
6120,0
3168,0
5641,1
8557,0
3336,0
6318,0
376,0
9668,1
3194,1
9673,0
1446,1
8443,1
3449,1
5246,1
2827,0
10154,0
10406,0
1587,1
7675,0
57,0
5226,0
3963,0
5313,1
2890,0
10664,0
5472,0
2659,1
5695,1
9685,0
9932,0
7178,0
1774,0
5244,0
2235,1
8186,1
5528,1
5119,1
1986,0
2851,0
3800,1
7191,1
313,0
9513,0
4476,0
7340,1
1372,0
8863,0
7652,1
7296,1
7021,0
5479,1
9595,0
585,0
2337,1
7233,1
8211,1
11326,0
2071,0
2713,1
6232,0
1719,0
2550,1
6689,0
7017,1
4571,0
3572,0
832,1
9982,0
7430,0
9128,1
5152,0
7283,0
10248,0
10913,1
7982,1
6886,0
5278,0
249,1
5293,0
405,1
1257,0
101,1
1291,0
10363,1
1162,0
2314,1
4657,0
5281,0
9703,0
2458,1
6583,0
3738,1
1473,0
2680,1
9317,0
5197,0
7327,1
6186,1
4992,1
5435,1
4542,1
2491,0
4532,1
8495,1
9529,0
6530,0
5356,0
6559,1
7945,0
1251,1
10809,1
9760,0
9784,1
9536,1
8516,0
759,0
3913,1
10704,1
9914,0
189,0
5817,1
770,0
2377,0
7099,0
7436,0
11014,1
9200,1
3688,0
11065,0
8438,0
239,1
2478,1
3319,1
3456,0
10021,0
364,1
2677,0
8842,0
4786,1
1070,0
563,1
10532,0
2644,0
2722,0
5747,0
5650,0
1624,0
3623,1
11033,0
2212,0
9992,0
8363,1
9523,0
1303,1
11185,1
10898,1
1602,1
5231,1
9962,1
8494,0
8322,1
4849,1
4263,0
6259,0
6203,1
6277,1
4940,0
1941,0
9180,0
175,1
5971,1
5999,1
9630,1
6185,0
4408,1
8712,1
957,0
21,0
3295,1
7656,0
5678,0
1700,0
5585,0
506,0
4681,0
6936,1
2326,1
2601,1
3543,0
3034,0
1842,0
10092,0
6171,0
9228,1
5788,0
10474,1
9143,0
1272,0
10764,0
5303,1
343,0
7663,1
5713,0
9767,1
5689,0
8782,0
1760,1
6888,1
9563,1
9220,1
8566,0
2500,1
4673,1
10473,1
805,0
3433,1
5168,0
9442,1
8953,1
3610,1
5315,1
8068,1
8471,1
3878,0
10620,1
2829,0
2984,0
436,1
7337,1
8615,0
49,1
7420,1
4162,1
7819,0
8092,1
461,0
1819,1
4457,1
7004,0
4497,1
3856,1
3511,1
7614,1
4470,0
8586,1
6095,0
990,0
6588,0
4680,0
2583,1
3431,1
1350,0
1796,1
1581,0
4065,0
11145,0
2081,0
9369,0
4628,1
11009,1
3127,1
8599,1
3970,0
5778,0
6964,1
5283,0
3215,0
3355,0
3404,0
1397,0
5443,0
5327,1
4810,0
6156,0
6234,1
782,0
9308,0
10757,1
647,1
532,1
1965,0
5646,0
4772,1
262,1
3276,0
10056,1
2590,0
7996,0
1296,0
8950,1
2632,0
3364,0
10442,0
5211,1
9407,0
5510,0
6852,0
5366,0
9506,1
5749,1
1848,1
8757,0
1545,1
510,1
2140,1
5765,0
1184,0
2001,1
5889,1
6903,0
1535,1
3100,0
11192,1
10861,1
10268,1
3705,1
1476,1
3864,0
9167,1
3455,1
2942,0
9354,0
9503,1
7896,0
2453,1
1115,0
2060,0
10580,1
1659,1
10821,0
6613,1
9890,1
5743,0
1732,0
9367,0
676,0
10524,0
7037,0
10249,0
10802,1
6735,1
10079,1
7083,1
398,1
6150,1
11116,1
9447,1
1329,1
4638,1
4220,0
6872,1
2031,0
4748,0
350,0
10869,1
8262,1
8251,1
4572,0
2623,0
11390,1
11208,1
7472,0
4857,1
3485,1
74,1
2892,1
5934,0
6521,0
4598,1
2881,0
5823,1
5263,0
509,0
6485,1
2300,0
7481,1
9822,1
2594,1
6448,0
8729,0
11388,1
8790,0
2521,1
7553,1
8935,0
9650,0
2151,1
246,1
4204,0
3243,1
7980,0
7171,0
11160,0
3508,1
6366,1
3335,0
877,0
10744,0
3316,0
5861,0
6933,0
6361,0
11,0
7601,0
3785,1
10355,1
11124,0
5998,1
6442,1
1558,0
9913,1
5468,0
749,1
3676,0
7912,0
6018,1
6143,1
7618,0
2145,0
3076,1
7172,0
8709,0
7949,1
3832,1
3594,0
5091,0
3303,1
1573,1
1223,0
5619,0
6491,0
10946,1
1491,1
2185,1
10320,0
5459,1
8118,1
6850,0
5358,0
9809,1
8332,1
9480,1
4306,0
9467,1
739,0
2282,0
8662,1
4677,1
4678,1
5108,1
5126,0
1442,0
10023,0
2180,1
3365,0
9049,1
4540,0
4303,0
10607,1
7520,0
6878,0
9320,1
8078,0
699,0
4116,0
9312,0
2009,1
7228,1
2957,1
6731,0
6398,1
10135,1
7096,0
2489,1
779,0
584,1
4913,0
1092,0
9678,1
559,0
1661,1
4456,1
6325,1
6910,1
7902,1
3207,1
1468,1
4296,1
4274,0
10236,0
5870,0
6227,1
7131,0
10834,1
3483,1
5252,1
10471,0
6951,0
8720,0
9479,1
10682,0
7853,1
10350,1
7101,0
3966,1
6343,0
9337,0
2884,1
5132,1
10905,1
9258,1
1806,0
1725,1
8210,1
9307,1
1482,0
8009,0
888,0
3122,1
4691,1
1196,1
7551,0
6097,1
2643,1
9270,1
4745,1
8560,1
4157,0
10888,0
6176,0
3075,0
2464,1
5800,1
10186,1
7793,1
2687,1
1520,1
3634,1
645,1
5542,0
4986,0
11114,1
9385,0
6429,0
1877,1
11262,1
636,0
6350,0
3706,0
10334,0
9182,0
4625,0
10829,1
3450,0
8961,1
818,0
2497,1
7173,0
3987,0
6440,0
1409,0
7210,1
4059,1
5916,0
3646,1
5089,0
583,0
8853,1
623,1
8813,1
323,1
1664,1
10767,0
10198,1
11073,0
4830,0
8888,0
5466,1
10389,1
525,0
670,1
7159,0
7297,1
6226,1
576,1
6932,0
2197,0
7751,1
1997,0
9227,0
7789,0
10724,1
2735,1
7967,0
4784,0
8547,0
6033,0
8275,0
8601,1
3565,0
10722,1
6955,0
7988,0
8759,0
8870,1
2402,1
5409,1
7558,1
2603,0
9259,0
8399,0
11238,1
6997,0
4587,1
10031,0
10452,1
3235,1
1481,1
7381,0
6229,1
5841,1
8220,0
1807,0
1611,0
4395,1
5696,0
6700,1
7854,0
7325,0
1420,1
9084,0
9110,0
4378,1
5056,0
3057,1
11254,1
9453,0
4354,1
8177,1
512,1
1116,1
8418,1
5505,0
1108,1
861,1
6668,0
10234,0
7811,1
4036,1
4294,0
3934,0
5807,0
10010,0
7261,1
6228,1
7441,0
8307,0
9145,0
236,0
4177,0
2296,0
10530,0
3713,0
3879,1
1038,0
10121,0
952,1
4014,0
4855,0
7122,0
7377,0
5155,0
1896,1
10639,1
4932,1
1544,1
5543,0
6619,1
2627,1
10151,0
572,1
5844,1
1110,1
8559,0
1425,1
8135,1
3648,0
9779,0
5928,0
3683,1
2035,1
7576,1
4596,0
6717,0
2608,0
11242,1
6704,1
4742,0
1785,1
2450,0
3498,0
819,0
9833,1
2636,1
843,1
4501,0
9265,1
5262,0
5154,0
3852,1
8359,0
2907,1
2591,1
6237,0
11356,1
9774,1
4194,0
2517,1
8804,0
6254,1
4534,1
7360,1
6573,1
10309,0
1394,0
2519,1
11327,0
4442,1
6019,1
8330,0
9125,1
575,1
7388,0
4795,0
9528,0
10941,1
2293,0
2787,1
9343,1
3537,1
11126,1
7042,1
10553,0
5959,0
8548,1
4700,0
10935,1
4201,1
6184,0
8427,1
11203,1
8324,0
7604,1
4808,1
2322,0
10195,0
7659,1
7970,1
6427,0
10645,0
9610,1
10460,0
8911,1
10591,1
9098,1
762,1
10307,1
2875,1
4682,1
4863,0
362,1
9458,0
3630,1
2866,0
2104,0
7757,0
3655,1
2879,0
11280,0
441,0
2631,1
5772,1
2364,1
5965,1
8344,0
11306,0
61,1
6222,0
1894,0
9986,0
6959,1
3805,0
6737,1
2750,0
6306,1
10934,1
666,0
10924,1
9841,1
1099,0
104,1
1880,0
4140,1
11213,1
10923,1
11128,0
3428,0
6158,0
6770,0
4971,0
2836,1
5184,1
430,0
9545,1
10782,1
10880,1
756,1
9490,1
6268,1
9675,1
4348,1
9761,1
10491,1
